{"cameraMode":{"drawMode":0,"name":"Shaded","section":"Shading Mode"},"sceneLighting":true,"audioPlay":false,"sceneViewState":{"showFog":true,"showMaterialUpdate":false,"showSkybox":true,"showFlares":true,"showImageEffects":true,"showParticleSystems":true,"showVisualEffectGraphs":true,"m_FxEnabled":true},"in2DMode":false,"pivot":{"x":378.2872619628906,"y":237.13829040527345,"z":-393.41241455078127},"rotation":{"x":0.0898645892739296,"y":-0.017926374450325967,"z":0.0016173989279195667,"w":0.9957941174507141},"size":253.52935791015626,"orthographic":true}